<?xml version="1.0" encoding="utf-8"?>
<odoo>

    <data>
        <template id="header_template_id">
            <t t-set="o" t-value="o.with_context(lang=lang)"/>
            <html>
                <link rel="stylesheet" href="/mkt_documental_managment/static/src/css/header-footer-styles.css"/>

                <div class="d-flex justify-content-between" style="height: 80px;">
                    <!-- <div style="width: 25%;"> -->
                    <div style="width: 50%;">
                        <img t-if="o.env.user.company_id.logo" t-att-src="'data:image/png;base64,%s' % to_text(o.env.user.company_id.logo)" style="width: 180px; min-height: 60px; max-height: 85px;"/>
                    </div>

                    <!-- <div style="width: 25%; height: 100%; align-items:center;" class="mt-4">
                        <p>Fecha: <t t-esc="(o.date - relativedelta(hours=5)).strftime('%Y-%m-%d %H:%M:%S')"/></p>
                    </div> -->

                    <div style="width: 50%; height: 100%; align-items:center;" class="mt-4">
                        <t t-if="o._name == 'documental.requirements'">
                            <h4 style="font-weight: 400;">REQUIREMENT <span t-field="o.name"/></h4>
                        </t>
                        <t t-if="o._name == 'documental.settlements'">
                            <h4 style="font-weight: 400;">SETTLEMENT <span t-field="o.name"/></h4>
                        </t>
                        <t t-if="o._name == 'documental.mobility.expediture'">
                            <h4 style="font-weight: 400;">MOBILITY EXPEDITURE <span t-field="o.name"/></h4>
                        </t>
                        <t t-if="o._name == 'documental.return.equipment'">
                            <h4 style="font-weight: 400;">RETURN EQUIPMENT <span t-field="o.name"/></h4>
                        </t>
                        <div style="align-items:center;" class="mt-4">
                            <p>Fecha: <t t-esc="(o.date - relativedelta(hours=5)).strftime('%Y-%m-%d %H:%M:%S')"/></p>
                        </div>
                    </div>
                </div>
            </html>
        </template>
    </data>

</odoo>
