<?xml version="1.0" encoding="utf-8"?>
<odoo>

    <data noupdate="1">
        <!-- REQUIREMENT SERVICE TYPE -->
        <record id="data_service_type_publicity" model="requirement.service.type">
            <field name="name">Servicio de Publicidad</field>
            <field name="percentage">12</field>
            <field name="amount_from">700</field>
        </record>

        <record id="data_service_type_events" model="requirement.service.type">
            <field name="name">Servicio de Producción de Eventos</field>
            <field name="percentage">12</field>
            <field name="amount_from">700</field>
        </record>

        <record id="data_service_type_maintenance" model="requirement.service.type">
            <field name="name">Servicio de Mantenimiento</field>
            <field name="percentage">12</field>
            <field name="amount_from">700</field>
        </record>

        <record id="data_service_type_installation" model="requirement.service.type">
            <field name="name">Servicio de Instalación</field>
            <field name="percentage">12</field>
            <field name="amount_from">700</field>
        </record>

        <record id="data_service_type_coffee_break" model="requirement.service.type">
            <field name="name">Servicio de Coffee Break</field>
            <field name="percentage">12</field>
            <field name="amount_from">700</field>
        </record>

        <record id="data_service_type_manufacturing_installation" model="requirement.service.type">
            <field name="name">Servicio de Fabricación e Instalación</field>
            <field name="percentage">12</field>
            <field name="amount_from">700</field>
        </record>

        <record id="data_service_type_medical" model="requirement.service.type">
            <field name="name">Servicios Médicos</field>
            <field name="percentage">12</field>
            <field name="amount_from">700</field>
        </record>

        <record id="data_service_type_tranp_personnel" model="requirement.service.type">
            <field name="name">Servicio de Transporte de Personal</field>
            <field name="percentage">10</field>
            <field name="amount_from">700</field>
        </record>

        <record id="data_service_type_rental" model="requirement.service.type">
            <field name="name">Servicio de Alquiler</field>
            <field name="percentage">10</field>
            <field name="amount_from">700</field>
        </record>

        <record id="data_service_type_transp_merchandise" model="requirement.service.type">
            <field name="name">Servicio de Transporte de Mercadería</field>
            <field name="percentage">4</field>
            <field name="amount_from">400</field>
        </record>

        <!-- TAX TAXES -->
        <record id="data_tax_taxes_igv18" model="tax.taxes">
            <field name="name">IGV(18%)</field>
            <field name="percentage">18</field>
        </record>

        <record id="data_tax_taxes_igv10" model="tax.taxes">
            <field name="name">IGV(10%)</field>
            <field name="percentage">10</field>
        </record>

        <!-- DOCUMENT TYPE -->
        <record id="data_document_type_factura" model="settlement.line.type">
            <field name="name">FACTURA</field>
            <field name="budgetable">yes</field>
            <field name="national_format">True</field>
        </record>

        <record id="data_document_type_boleta_venta" model="settlement.line.type">
            <field name="name">BOLETA DE VENTA</field>
            <field name="budgetable">yes</field>
            <field name="national_format">True</field>
        </record>

        <record id="data_document_type_nota_credito" model="settlement.line.type">
            <field name="name">NOTA DE CRÉDITO</field>
            <field name="budgetable">no</field>
            <field name="national_format">True</field>
        </record>

        <record id="data_document_type_nota_debito" model="settlement.line.type">
            <field name="name">NOTA DE DÉBITO</field>
            <field name="budgetable">no</field>
            <field name="national_format">True</field>
        </record>

        <record id="data_document_type_voucher" model="settlement.line.type">
            <field name="name">VOUCHER</field>
            <field name="budgetable">yes</field>
            <field name="national_format">False</field>
        </record>

        <record id="data_document_type_recibo" model="settlement.line.type">
            <field name="name">RECIBO</field>
            <field name="budgetable">yes</field>
            <field name="national_format">True</field>
        </record>

        <record id="data_document_type_devolucion" model="settlement.line.type">
            <field name="name">DEVOLUCIÓN</field>
            <field name="budgetable">no</field>
            <field name="national_format">False</field>
        </record>

        <record id="data_document_type_liquidacion" model="settlement.line.type">
            <field name="name">LIQUIDACIÓN</field>
            <field name="budgetable">no</field>
            <field name="national_format">False</field>
        </record>

        <!-- CENTRAL ZONE -->
        <!-- <record id="data_res_province_lima" model="res.province">
            <field name="name">Lima</field>
        </record>

        <record id="data_res_province_callao" model="res.province">
            <field name="name">Callao</field>
        </record>

        <record id="data_res_province_huacho" model="res.province">
            <field name="name">Huacho</field>
        </record>

        <record id="data_res_province_barranca" model="res.province">
            <field name="name">Barranca</field>
        </record>

        <record id="data_res_province_ica" model="res.province">
            <field name="name">Ica</field>
        </record>

        <record id="data_res_province_chincha" model="res.province">
            <field name="name">Chincha</field>
        </record>

        <record id="data_res_province_huancayo" model="res.province">
            <field name="name">Huancayo</field>
        </record>

        <record id="data_res_province_huanuco" model="res.province">
            <field name="name">Huánuco</field>
        </record>

        <record id="data_res_province_ayacucho" model="res.province">
            <field name="name">Ayacucho</field>
        </record>

        <record id="data_res_province_tarma" model="res.province">
            <field name="name">Tarma</field>
        </record>

        <record id="data_res_province_canete" model="res.province">
            <field name="name">Cañete</field>
        </record> -->

        <!-- NORTH ZONE -->
        <!-- <record id="data_res_province_tumbes" model="res.province">
            <field name="name">Tumbes</field>
        </record>

        <record id="data_res_province_piura" model="res.province">
            <field name="name">Piura</field>
        </record>

        <record id="data_res_province_chiclayo" model="res.province">
            <field name="name">Chiclayo</field>
        </record>

        <record id="data_res_province_trujillo" model="res.province">
            <field name="name">Trujillo</field>
        </record>

        <record id="data_res_province_cajamarca" model="res.province">
            <field name="name">Cajamarca</field>
        </record>

        <record id="data_res_province_jaen" model="res.province">
            <field name="name">Jaén</field>
        </record>

        <record id="data_res_province_ancash" model="res.province">
            <field name="name">Áncash</field>
        </record>

        <record id="data_res_province_chimbote" model="res.province">
            <field name="name">Chimbote</field>
        </record>

        <record id="data_res_province_huaraz" model="res.province">
            <field name="name">Huaraz</field>
        </record>

        <record id="data_res_province_talara" model="res.province">
            <field name="name">Talara</field>
        </record> -->
        
        <!-- SOUTH ZONE -->
        <!-- <record id="data_res_province_arequipa" model="res.province">
            <field name="name">Arequipa</field>
        </record>

        <record id="data_res_province_cusco" model="res.province">
            <field name="name">Cusco</field>
        </record>

        <record id="data_res_province_juliaca" model="res.province">
            <field name="name">Juliaca</field>
        </record>

        <record id="data_res_province_puerto_maldonado" model="res.province">
            <field name="name">Puerto Maldonado</field>
        </record>

        <record id="data_res_province_tacna" model="res.province">
            <field name="name">Tacna</field>
        </record>

        <record id="data_res_province_puno" model="res.province">
            <field name="name">Puno</field>
        </record>

        <record id="data_res_province_andahuaylas" model="res.province">
            <field name="name">Andahuaylas</field>
        </record> -->

        <!-- EAST ZONE -->
        <!-- <record id="data_res_province_pucallpa" model="res.province">
            <field name="name">Pucallpa</field>
        </record>

        <record id="data_res_province_iquitos" model="res.province">
            <field name="name">Iquitos</field>
        </record>

        <record id="data_res_province_tarapoto" model="res.province">
            <field name="name">Tarapoto</field>
        </record> -->


    </data>

</odoo>
