<?xml version="1.0" encoding="utf-8"?>
<odoo>

    <data noupdate="1">

        <record id="ir_cron_api_cahnge_type" model="ir.cron">
            <field name="name">ApiPeru change type</field>
            <field name="model_id" ref="model_change_type"/>
            <field name="state">code</field>
            <field name="code">model.run_change_type()</field>
            <field name="active" eval="True"/>
            <field name="user_id" ref="base.user_root"/>
            <field name="interval_number">1</field>
            <field name="interval_type">days</field>
            <field name="numbercall">-1</field>
            <field name="nextcall" eval="(DateTime.now()).replace(hour=13, minute=0, second=0).strftime('%Y-%m-%d %H:%M:%S')"/>
            <field name="doall" eval="False"/>
        </record>

        <record id="ir_cron_please_settle" model="ir.cron">
            <field name="name">Please Settle</field>
            <field name="model_id" ref="model_documental_requirements"/>
            <field name="state">code</field>
            <field name="code">model.schedule_check_end_date()</field>
            <field name="active" eval="True"/>
            <field name="user_id" ref="base.user_root"/>
            <field name="interval_number">1</field>
            <field name="interval_type">days</field>
            <field name="numbercall">-1</field>
            <field name="nextcall" eval="(DateTime.now()).replace(hour=12, minute=0, second=0).strftime('%Y-%m-%d %H:%M:%S')"/>
            <field name="doall" eval="False"/>
        </record>

        <record id="ir_cron_validate_settlement_document" model="ir.cron">
            <field name="name">Validate settlement document</field>
            <field name="model_id" ref="model_documental_settlements"/>
            <field name="state">code</field>
            <field name="code">model.send_email_to_validate()</field>
            <field name="active" eval="True"/>
            <field name="user_id" ref="base.user_root"/>
            <field name="interval_number">1</field>
            <field name="interval_type">days</field>
            <field name="numbercall">-1</field>
            <field name="nextcall" eval="(DateTime.now()).replace(hour=12, minute=0, second=0).strftime('%Y-%m-%d %H:%M:%S')"/>
            <field name="doall" eval="False"/>
        </record>

    </data>

    <!-- <record id="ir_cron_cpe_validation" model="ir.cron">
            <field name="name">CPE validation</field>
            <field name="model_id" ref="model_settlement"/>
            <field name="state">code</field>
            <field name="code">model.cpe_validation()</field>
            <field name="active" eval="True"/>
            <field name="user_id" ref="base.user_root"/>
            <field name="interval_number">1</field>
            <field name="interval_type">days</field>
            <field name="numbercall">-1</field>
            <field name="nextcall" eval="(DateTime.now()).replace(hour=3, minute=0, second=0).strftime('%Y-%m-%d %H:%M:%S')"/>
            <field name="doall" eval="False"/>
    </record> -->


</odoo>
