<?xml version='1.0' encoding='utf-8'?>
<odoo>
    <data>
        <record id="paperformat_documental_requirement" model="report.paperformat">
            <field name="name">Documental Managment - Requirement</field>
            <field name="format">A4</field>
            <field name="page_height">0</field>
            <field name="page_width">0</field>
            <field name="orientation">Portrait</field>
            <field name="margin_top">5</field>
            <field name="margin_bottom">10</field>
            <field name="margin_left">10</field>
            <field name="margin_right">10</field>
            <field name="header_line" eval="False"/>
            <field name="header_spacing">0</field>
            <field name="dpi">90</field>
        </record>

        <record id="paperformat_documental_settlement" model="report.paperformat">
            <field name="name">Documental Managment - Settlement</field>
            <field name="format">A4</field>
            <field name="page_height">0</field>
            <field name="page_width">0</field>
            <field name="orientation">Portrait</field>
            <field name="margin_top">5</field>
            <field name="margin_bottom">10</field>
            <field name="margin_left">10</field>
            <field name="margin_right">10</field>
            <field name="header_line" eval="False"/>
            <field name="header_spacing">0</field>
            <field name="dpi">90</field>
        </record>

        <record id="paperformat_documental_mobility_expediture" model="report.paperformat">
            <field name="name">Documental Managment - Mobility Expediture</field>
            <field name="format">A4</field>
            <field name="page_height">0</field>
            <field name="page_width">0</field>
            <field name="orientation">Portrait</field>
            <field name="margin_top">40</field>
            <field name="margin_bottom">40</field>
            <field name="margin_left">10</field>
            <field name="margin_right">10</field>
            <field name="header_line" eval="False"/>
            <field name="header_spacing">30</field>
            <field name="dpi">90</field>
        </record>

        <record id="paperformat_voucher" model="report.paperformat">
            <field name="name">Voucher</field>
            <field name="format">A4</field>
            <field name="page_height">0</field>
            <field name="page_width">0</field>
            <field name="orientation">Portrait</field>
            <field name="margin_top">5</field>
            <field name="margin_bottom">10</field>
            <field name="margin_left">10</field>
            <field name="margin_right">10</field>
            <field name="header_line" eval="False"/>
            <field name="header_spacing">0</field>
            <field name="dpi">90</field>
        </record>

        <record id="paperformat_affidavit" model="report.paperformat">
            <field name="name">Affidavit</field>
            <field name="format">A4</field>
            <field name="page_height">0</field>
            <field name="page_width">0</field>
            <field name="orientation">Portrait</field>
            <field name="margin_top">5</field>
            <field name="margin_bottom">10</field>
            <field name="margin_left">10</field>
            <field name="margin_right">10</field>
            <field name="header_line" eval="False"/>
            <field name="header_spacing">0</field>
            <field name="dpi">90</field>
        </record>

    </data>
</odoo>