<?xml version="1.0" encoding="utf-8"?>
<odoo>

    <data noupdate="1">

        <record id="data_service_type_publicity" model="requirement.service.type">
            <field name="name">Servicio de Publicidad</field>
            <field name="percentage">12</field>
            <field name="amount_from">700</field>
        </record>

        <record id="data_service_type_events" model="requirement.service.type">
            <field name="name">Servicio de Producción de Eventos</field>
            <field name="percentage">12</field>
            <field name="amount_from">700</field>
        </record>

        <record id="data_service_type_maintenance" model="requirement.service.type">
            <field name="name">Servicio de Mantenimiento</field>
            <field name="percentage">12</field>
            <field name="amount_from">700</field>
        </record>

        <record id="data_service_type_installation" model="requirement.service.type">
            <field name="name">Servicio de Instalación</field>
            <field name="percentage">12</field>
            <field name="amount_from">700</field>
        </record>

        <record id="data_service_type_coffee_break" model="requirement.service.type">
            <field name="name">Servicio de Coffee Break</field>
            <field name="percentage">12</field>
            <field name="amount_from">700</field>
        </record>

        <record id="data_service_type_manufacturing_installation" model="requirement.service.type">
            <field name="name">Servicio de Fabricación e Instalación</field>
            <field name="percentage">12</field>
            <field name="amount_from">700</field>
        </record>

        <record id="data_service_type_medical" model="requirement.service.type">
            <field name="name">Servicios Médicos</field>
            <field name="percentage">12</field>
            <field name="amount_from">700</field>
        </record>

        <record id="data_service_type_tranp_personnel" model="requirement.service.type">
            <field name="name">Servicio de Transporte de Personal</field>
            <field name="percentage">10</field>
            <field name="amount_from">700</field>
        </record>

        <record id="data_service_type_rental" model="requirement.service.type">
            <field name="name">Servicio de Alquiler</field>
            <field name="percentage">10</field>
            <field name="amount_from">700</field>
        </record>

        <record id="data_service_type_transp_merchandise" model="requirement.service.type">
            <field name="name">Servicio de Transporte de Mercadería</field>
            <field name="percentage">4</field>
            <field name="amount_from">400</field>
        </record>

    </data>

</odoo>
